ZIPCODE,ZONE
77002,Houston
77003,Houston
77004,Houston
77005,Houston
77006,Houston
77007,Houston
77008,Houston
77009,Houston
77010,Houston
77011,Houston
77012,Houston
77013,Houston
77014,Houston
77015,Houston
77016,Houston
77017,Houston
77018,Houston
77019,Houston
77020,Houston
77021,Houston
77022,Houston
77023,Houston
77024,Houston
77025,Houston
77026,Houston
77027,Houston
77028,Houston
77029,Houston
77030,Houston
77031,Houston
77032,Houston
77033,Houston
77034,Houston
77035,Houston
77036,Houston
77037,Houston
77038,Houston
77039,Houston
77040,Houston
77041,Houston
77042,Houston
77043,Houston
77044,Houston
77045,Houston
77046,Houston
77047,Houston
77048,Houston
77049,Houston
77050,Houston
77051,Houston
77053,Houston
77054,Houston
77055,Houston
77056,Houston
77057,Houston
77058,Houston
77059,Houston
77060,Houston
77061,Houston
77062,Houston
77063,Houston
77064,Houston
77065,Houston
77066,Houston
77067,Houston
77068,Houston
77069,Houston
77070,Houston
77071,Houston
77072,Houston
77073,Houston
77074,Houston
77075,Houston
77076,Houston
77077,Houston
77078,Houston
77079,Houston
77080,Houston
77081,Houston
77082,Houston
77083,Houston
77084,Houston
77085,Houston
77086,Houston
77087,Houston
77088,Houston
77089,Houston
77090,Houston
77091,Houston
77092,Houston
77093,Houston
77094,Houston
77095,Houston
77096,Houston
77098,Houston
77099,Houston
77237,Houston
77301,Houston
77302,Houston
77303,Houston
77304,Houston
77306,Houston
77316,Houston
77318,Houston
77327,Houston
77328,Houston
77333,Houston
77336,Houston
77338,Houston
77339,Houston
77345,Houston
77346,Houston
77354,Houston
77355,Houston
77356,Houston
77357,Houston
77362,Houston
77365,Houston
77369,Houston
77372,Houston
77373,Houston
77375,Houston
77377,Houston
77378,Houston
77379,Houston
77380,Houston
77381,Houston
77382,Houston
77384,Houston
77385,Houston
77386,Houston
77388,Houston
77389,Houston
77396,Houston
77401,Houston
77406,Houston
77417,Houston
77422,Houston
77423,Houston
77429,Houston
77430,Houston
77433,Houston
77441,Houston
77444,Houston
77445,Houston
77446,Houston
77447,Houston
77449,Houston
77450,Houston
77459,Houston
77461,Houston
77464,Houston
77466,Houston
77469,Houston
77471,Houston
77476,Houston
77477,Houston
77478,Houston
77479,Houston
77480,Houston
77484,Houston
77486,Houston
77489,Houston
77492,Houston
77493,Houston
77494,Houston
77498,Houston
77502,Houston
77503,Houston
77504,Houston
77505,Houston
77506,Houston
77510,Houston
77511,Houston
77515,Houston
77517,Houston
77518,Houston
77520,Houston
77521,Houston
77530,Houston
77531,Houston
77532,Houston
77533,Houston
77534,Houston
77535,Houston
77536,Houston
77538,Houston
77539,Houston
77541,Houston
77545,Houston
77546,Houston
77547,Houston
77550,Houston
77551,Houston
77554,Houston
77561,Houston
77562,Houston
77563,Houston
77564,Houston
77565,Houston
77566,Houston
77568,Houston
77571,Houston
77573,Houston
77575,Houston
77577,Houston
77578,Houston
77581,Houston
77582,Houston
77583,Houston
77584,Houston
77586,Houston
77587,Houston
77590,Houston
77591,Houston
77598,Houston
77617,Houston
77623,Houston
77650,Houston
78613,Austin
78617,Austin
78634,Austin
78653,Austin
78660,Austin
78664,Austin
78681,Austin
78701,Austin
78702,Austin
78703,Austin
78704,Austin
78705,Austin
78717,Austin
78719,Austin
78721,Austin
78722,Austin
78723,Austin
78724,Austin
78725,Austin
78726,Austin
78727,Austin
78728,Austin
78729,Austin
78730,Austin
78731,Austin
78732,Austin
78733,Austin
78735,Austin
78741,Austin
78742,Austin
78744,Austin
78745,Austin
78746,Austin
78750,Austin
78751,Austin
78752,Austin
78753,Austin
78754,Austin
78756,Austin
78757,Austin
78758,Austin
78759,Austin
75201,Dallas
75202,Dallas
75203,Dallas
75204,Dallas
75205,Dallas
75206,Dallas
75207,Dallas
75208,Dallas
75209,Dallas
75210,Dallas
75211,Dallas
75212,Dallas
75214,Dallas
75215,Dallas
75216,Dallas
75217,Dallas
75218,Dallas
75219,Dallas
75220,Dallas
75221,Dallas
75222,Dallas
75223,Dallas
75224,Dallas
75225,Dallas
75226,Dallas
75227,Dallas
75228,Dallas
75229,Dallas
75230,Dallas
75231,Dallas
75232,Dallas
75233,Dallas
75234,Dallas
75235,Dallas
75236,Dallas
75237,Dallas
75238,Dallas
75239,Dallas
75240,Dallas
75241,Dallas
75242,Dallas
75243,Dallas
75244,Dallas
75245,Dallas
75246,Dallas
75247,Dallas
75248,Dallas
75249,Dallas
75250,Dallas
75251,Dallas
75252,Dallas
75253,Dallas
75258,Dallas
75260,Dallas
75261,Dallas
75262,Dallas
75263,Dallas
75264,Dallas
75265,Dallas
75266,Dallas
75267,Dallas
75270,Dallas
75275,Dallas
75277,Dallas
75283,Dallas
75284,Dallas
75285,Dallas
75286,Dallas
75287,Dallas
75294,Dallas
75295,Dallas
75301,Dallas
75303,Dallas
75310,Dallas
75312,Dallas
75313,Dallas
75315,Dallas
75320,Dallas
75323,Dallas
75326,Dallas
75336,Dallas
75339,Dallas
75342,Dallas
75346,Dallas
75350,Dallas
75353,Dallas
75354,Dallas
75355,Dallas
75356,Dallas
75357,Dallas
75359,Dallas
75360,Dallas
75363,Dallas
75364,Dallas
75367,Dallas
75368,Dallas
75370,Dallas
75371,Dallas
75372,Dallas
75373,Dallas
75374,Dallas
75376,Dallas
75378,Dallas
75379,Dallas
75380,Dallas
75381,Dallas
75382,Dallas
75386,Dallas
75387,Dallas
75388,Dallas
75389,Dallas
75390,Dallas
75391,Dallas
75392,Dallas
75393,Dallas
75394,Dallas
75395,Dallas
75396,Dallas
75397,Dallas
75398,Dallas
76101,Fort Worth
76102,Fort Worth
76103,Fort Worth
76104,Fort Worth
76105,Fort Worth
76106,Fort Worth
76107,Fort Worth
76108,Fort Worth
76109,Fort Worth
76110,Fort Worth
76111,Fort Worth
76112,Fort Worth
76113,Fort Worth
76114,Fort Worth
76115,Fort Worth
76116,Fort Worth
76118,Fort Worth
76119,Fort Worth
76120,Fort Worth
76121,Fort Worth
76122,Fort Worth
76123,Fort Worth
76124,Fort Worth
76126,Fort Worth
76129,Fort Worth
76130,Fort Worth
76131,Fort Worth
76132,Fort Worth
76133,Fort Worth
76134,Fort Worth
76135,Fort Worth
76136,Fort Worth
76137,Fort Worth
76140,Fort Worth
76147,Fort Worth
76148,Fort Worth
76150,Fort Worth
76155,Fort Worth
76161,Fort Worth
76162,Fort Worth
76163,Fort Worth
76164,Fort Worth
76177,Fort Worth
76178,Fort Worth
76179,Fort Worth
76181,Fort Worth
76185,Fort Worth
76191,Fort Worth
76192,Fort Worth
76193,Fort Worth
76195,Fort Worth
76196,Fort Worth
76197,Fort Worth
76198,Fort Worth
76199,Fort Worth
78201,San Antonio
78202,San Antonio
78203,San Antonio
78204,San Antonio
78205,San Antonio
78206,San Antonio
78207,San Antonio
78208,San Antonio
78209,San Antonio
78210,San Antonio
78211,San Antonio
78212,San Antonio
78213,San Antonio
78214,San Antonio
78215,San Antonio
78216,San Antonio
78217,San Antonio
78218,San Antonio
78219,San Antonio
78220,San Antonio
78221,San Antonio
78222,San Antonio
78223,San Antonio
78224,San Antonio
78225,San Antonio
78226,San Antonio
78227,San Antonio
78228,San Antonio
78229,San Antonio
78230,San Antonio
78231,San Antonio
78232,San Antonio
78233,San Antonio
78234,San Antonio
78235,San Antonio
78236,San Antonio
78237,San Antonio
78238,San Antonio
78239,San Antonio
78240,San Antonio
78241,San Antonio
78242,San Antonio
78243,San Antonio
78244,San Antonio
78245,San Antonio
78246,San Antonio
78247,San Antonio
78248,San Antonio
78249,San Antonio
78250,San Antonio
78251,San Antonio
78252,San Antonio
78253,San Antonio
78254,San Antonio
78255,San Antonio
78256,San Antonio
78257,San Antonio
78258,San Antonio
78259,San Antonio
78260,San Antonio
78261,San Antonio
78262,San Antonio
78263,San Antonio
78264,San Antonio
78265,San Antonio
78266,San Antonio
78268,San Antonio
78269,San Antonio
78270,San Antonio
78275,San Antonio
78278,San Antonio
78279,San Antonio
78280,San Antonio
78283,San Antonio
78284,San Antonio
78285,San Antonio
78286,San Antonio
78287,San Antonio
78288,San Antonio
78289,San Antonio
78291,San Antonio
78292,San Antonio
78293,San Antonio
78294,San Antonio
78295,San Antonio
78296,San Antonio
78297,San Antonio
78298,San Antonio
78299,San Antonio
